,precision,recall,f1-score,support
0,0.7803725579282145,0.963284229417483,0.8622345676946503,26746.0
1,0.5918536990856192,0.16414985590778097,0.257016514754986,8675.0
accuracy,0.7675672623584879,0.7675672623584879,0.7675672623584879,0.7675672623584879
macro avg,0.6861131285069169,0.563717042662632,0.5596255412248181,35421.0
weighted avg,0.7342021759384483,0.7675672623584879,0.7140098815126795,35421.0
