,precision,recall,f1-score,support
0,0.7694369973190348,0.9748929257125979,0.8600651465798046,27084.0
1,0.569620253164557,0.10213345438039037,0.17321016166281755,8812.0
accuracy,0.7606418542455984,0.7606418542455984,0.7606418542455984,0.7606418542455984
macro avg,0.6695286252417959,0.5385131900464941,0.5166376541213111,35896.0
weighted avg,0.720384591772755,0.7606418542455984,0.6914512027674442,35896.0
