,precision,recall,f1-score,support
0,0.7883419228718678,0.9777385937844391,0.8728846910665093,27222.0
1,0.7526530612244898,0.20511679644048944,0.32237762237762235,8990.0
accuracy,0.7859273169115211,0.7859273169115211,0.7859273169115211,0.7859273169115211
macro avg,0.7704974920481789,0.5914276951124643,0.5976311567220658,36212.0
weighted avg,0.779481797327575,0.7859273169115211,0.7362156711970436,36212.0
