,precision,recall,f1-score,support
0,0.7804402591170825,0.9706090783633583,0.8651982378854626,26811.0
1,0.6348470806302131,0.15763433436888735,0.2525578394322058,8691.0
accuracy,0.7715903329389894,0.7715903329389894,0.7715903329389894,0.7715903329389894
macro avg,0.7076436698736478,0.5641217063661228,0.5588780386588341,35502.0
weighted avg,0.7447985962747248,0.7715903329389894,0.7152219632260841,35502.0
