,precision,recall,f1-score,support
0,0.7832620647525962,0.9671141952028963,0.8655326042932361,26516.0
1,0.6286201022146508,0.17218852076528232,0.2703296703296703,8572.0
accuracy,0.7729138166894665,0.7729138166894665,0.7729138166894665,0.7729138166894665
macro avg,0.7059410834836235,0.5696513579840893,0.5679311373114532,35088.0
weighted avg,0.745483026252959,0.7729138166894665,0.7201245003849003,35088.0
